"","variable","bias","p"
"1","Nat_M",0.00149336363636362,0.00311154373824312
"2","annF_Btgt",0.00435354545454545,0.00676434419803769
"3","Q",0.00403509001632875,0.00357906148262538
"4","SSB_UN",1093.81818181818,0.00339402063379499
"5","SSBfore",814.309090909088,0.00910159844447548
"6","ABCfore",573.290909090909,0.0212385029115293
