"","SSB","Rec","Bratio","F","WoodHole_SSB.all","WoodHole_Rec.all","WoodHole_Bratio.all","WoodHole_F.all","AFSC_Hurtado_SSB","AFSC_Hurtado_Rec","AFSC_Hurtado_F","AFSC_Hurtado_Bratio"
"1",-0.340805459930002,18.1845258770145,-1.73282958540212,-0.0517649218187436,0.0611522386703476,5.72048394689093,-1.46235052987242,0.069715823611474,-0.0340805459930002,1.81845258770145,-0.00517649218187436,-0.173282958540212
